,participant_id,task_idx,task_status,results_responses_pos,results_responses_fix,results_rt,results_targetvalue_stim,results_targetvalue_fixation,results_target_distance,results_rt_fixation
0,15,4,PRE_TEST,"1,0,1,1,1,0,1,1,1,1,1,1,0,0,0,0,1,0,1,0,0,0,1,0,1,0,0,0,0,0,1,0,0,1,0,1,1,1,1,0","0,0,0,0,1,1,1,0,1,1,1,1,0,1,0,1,1,1,1,1,1,0,0,1,1,0,0,1,1,1,0,0,0,1,0,1,0,0,1,0","2156,717,631,808,1424,852,638,547,568,695,554,1173,1194,844,1511,806,693,785,685,706,677,1021,935,645,1462,614,1062,614,633,748,810,708,596,592,656,544,588,961,795,636","1,2,1,0,1,1,2,0,3,0,3,0,2,0,1,0,1,2,1,2,3,2,2,2,2,3,0,1,2,2,1,3,0,1,2,1,2,2,0,1","0,0,0,0,1,1,1,0,1,1,1,1,0,1,0,1,1,1,1,1,1,0,0,1,1,0,0,1,1,1,0,0,0,1,0,1,0,0,1,0","208,104,104,208,104,208,208,104,104,208,104,208,104,208,104,208,208,104,104,208,104,208,208,104,208,104,208,104,104,208,208,104,104,208,208,104,208,104,104,208","1808,1115,1045,2849,970,4587,925,1368,705,597,1011,447,1098,806,860,728,762,793,929,505,808,843,1463,1295,782,762,859,880,908,777,615,974,861,496,1257,647,759,697,787,543"
1,15,4,POST_TEST,"0,0,0,1,1,0,1,1,1,1,1,1,1,1,1,1,1,1,1,1,1,1,1,0,1,1,1,1,1,0,1,1,1,1,1,1,1,1,1,1","1,1,1,0,0,0,1,0,0,1,1,0,0,0,0,0,0,1,1,0,0,1,0,1,1,0,0,0,0,0,0,0,1,1,1,1,0,0,0,0","473,590,780,548,683,583,523,568,525,499,836,652,500,536,996,534,778,660,619,563,615,3711,1043,728,799,511,1130,567,532,524,522,614,1982,585,661,911,616,848,564,518","1,2,0,0,0,3,3,2,3,0,1,3,3,3,2,0,0,2,1,3,2,3,0,2,0,1,1,3,3,3,2,2,3,2,0,2,3,3,2,1","1,1,1,0,0,0,1,0,0,1,1,0,0,0,0,0,0,1,1,0,0,1,0,1,1,0,0,0,0,0,0,0,1,1,1,1,0,0,0,0","208,104,104,208,104,208,104,208,104,208,104,208,104,208,208,104,104,208,208,104,104,208,104,208,208,104,208,104,104,208,104,208,104,208,208,104,208,104,208,104","783,725,706,692,796,1057,913,1108,874,561,691,678,1456,890,771,906,825,797,1236,861,962,912,864,1465,1008,1026,797,791,1143,1135,969,862,875,787,1027,732,658,808,849,939"
2,51,7,PRE_TEST,"1,1,0,1,1,1,0,1,0,1,0,0,1,1,0,1,1,0,1,0,1,0,1,1,1,1,1,1,1,1,1,1,1,1,1,1,1,0,1,0","0,1,1,1,1,1,0,0,0,0,1,0,0,1,0,1,1,0,0,1,0,0,1,0,0,1,0,0,1,1,0,1,1,0,0,0,0,1,1,0","909,1917,816,497,1819,1560,2411,756,4755,759,2205,2246,563,1098,1199,617,566,939,1331,917,529,758,568,1535,533,720,528,578,601,852,837,441,478,492,481,713,1546,2070,1291,3659","1,1,3,3,2,3,3,2,2,1,1,1,2,2,3,2,0,0,3,0,2,0,0,1,2,2,2,3,1,2,0,1,3,3,0,0,0,2,2,2","0,1,1,1,1,1,0,0,0,0,1,0,0,1,0,1,1,0,0,1,0,0,1,0,0,1,0,0,1,1,0,1,1,0,0,0,0,1,1,0","189,95,189,95,95,189,189,95,189,95,95,189,189,95,95,189,189,95,95,189,189,95,95,189,95,189,189,95,95,189,189,95,95,189,189,95,189,95,189,95","846,908,1293,889,1067,695,895,732,720,818,1209,2212,911,938,1005,691,745,809,626,743,727,994,958,792,529,654,912,793,494,940,759,830,827,664,895,810,726,1411,798,891"
3,51,7,POST_TEST,"0,1,1,1,1,0,1,0,1,1,1,1,0,1,1,1,1,1,1,1,1,1,1,0,1,1,1,1,1,1,1,1,1,1,0,1,1,1,1,1","0,0,0,1,1,1,1,0,0,0,1,1,1,0,0,0,0,0,1,1,1,1,0,1,0,1,1,0,0,1,1,0,0,0,0,1,0,1,0,1","862,707,1049,699,1579,1039,1251,1771,2518,770,1455,809,762,1030,966,991,807,728,699,813,750,815,768,920,1028,660,814,890,815,782,709,1043,688,1051,741,733,1259,911,845,1035","2,1,1,3,1,2,1,1,3,3,3,1,3,0,1,2,1,3,0,2,0,0,1,0,0,1,2,0,1,1,3,3,3,3,2,0,1,1,0,2","0,0,0,1,1,1,1,0,0,0,1,1,1,0,0,0,0,0,1,1,1,1,0,1,0,1,1,0,0,1,1,0,0,0,0,1,0,1,0,1","151,75,151,75,75,151,75,151,151,75,151,75,75,151,151,75,75,151,151,75,75,151,75,151,75,151,75,151,151,75,75,151,75,151,151,75,151,75,151,75","868,971,928,1161,917,1665,1293,1395,892,811,1774,833,884,1280,776,712,961,755,1232,1830,916,924,826,1687,1051,1150,1281,736,912,1628,767,934,1037,980,787,778,1034,1287,857,876"
4,48,2,PRE_TEST,"0,0,1,1,0,1,0,1,0,0,1,0,1,0,1,1,1,0,1,0,1,1,0,0,1,0,1,0,0,0,1,0,0,0,0,1,1,0,1,1","1,1,0,0,0,1,1,1,1,1,1,0,1,1,0,0,0,0,0,0,1,0,0,0,1,0,1,0,1,0,1,0,0,0,0,1,0,1,1,1","968,648,584,515,650,823,916,939,1294,1466,697,1163,1014,1206,1048,775,616,651,598,818,725,598,592,1116,709,1155,700,722,705,599,667,572,1098,504,738,1075,577,678,530,821","2,3,3,0,1,0,0,3,1,3,0,2,3,0,3,2,3,0,3,0,3,2,1,0,1,3,0,0,1,1,2,0,0,2,0,2,3,2,2,0","1,1,0,0,0,1,1,1,1,1,1,0,1,1,0,0,0,0,0,0,1,0,0,0,1,0,1,0,1,0,1,0,0,0,0,1,0,1,1,1","189,94,189,94,94,189,94,189,94,189,94,189,189,94,189,94,189,94,94,189,189,94,94,189,189,94,189,94,189,94,189,94,189,94,94,189,94,189,189,94","1608,1375,1071,906,1241,957,689,2090,910,920,610,546,660,647,1705,989,595,607,649,395,602,872,1007,1378,903,783,944,1602,655,913,1008,1560,565,735,553,518,760,920,703,760"
5,48,2,POST_TEST,"1,1,1,1,0,0,1,0,0,0,0,0,0,1,1,0,1,1,0,1,0,0,0,1,0,1,0,1,1,0,0,0,0,0,1,0,0,1,0,0","0,1,0,0,0,0,0,0,1,0,0,1,0,0,0,1,1,1,0,1,0,1,0,0,0,0,1,1,0,0,1,0,0,0,1,1,1,1,1,1","1086,658,1156,679,593,582,749,1030,1018,799,582,833,761,856,1561,735,551,897,708,620,627,595,432,499,414,960,956,604,494,425,626,579,511,759,562,584,899,719,520,741","3,2,1,3,2,2,1,2,3,3,1,1,3,1,3,3,2,3,3,0,3,0,1,2,1,0,1,2,3,1,2,3,1,1,0,2,1,0,0,0","0,1,0,0,0,0,0,0,1,0,0,1,0,0,0,1,1,1,0,1,0,1,0,0,0,0,1,1,0,0,1,0,0,0,1,1,1,1,1,1","189,94,94,189,94,189,189,94,189,94,94,189,94,189,94,189,94,189,189,94,94,189,94,189,94,189,94,189,189,94,94,189,189,94,189,94,94,189,189,94","666,551,599,998,843,1238,596,619,836,602,1314,552,533,921,1376,927,969,939,919,905,1229,849,572,584,514,645,554,586,591,707,845,598,554,702,544,552,897,648,923,1122"
6,68,1,PRE_TEST,"1,1,1,1,1,1,1,1,1,1,1,1,1,1,1,1,1,1,1,1,1,1,0,1,1,1,1,1,1,1,1,1,1,1,1,1,1,1,1,1","0,1,1,1,1,1,0,0,1,0,1,0,1,0,1,0,0,0,1,1,0,0,1,1,0,0,0,1,1,0,1,1,0,0,0,1,0,1,1,1","649,563,447,598,434,651,530,610,497,579,519,483,645,656,467,501,572,431,496,471,730,606,996,829,585,462,327,496,571,897,389,419,568,753,416,1283,372,595,705,492","2,1,2,2,2,2,2,1,3,3,3,1,1,1,2,1,2,1,1,2,1,0,3,3,0,1,3,2,1,3,2,0,2,1,3,2,3,2,3,1","0,1,1,1,1,1,0,0,1,0,1,0,1,0,1,0,0,0,1,1,0,0,1,1,0,0,0,1,1,0,1,1,0,0,0,1,0,1,1,1","129,257,129,257,129,257,129,257,257,129,257,129,129,257,129,257,257,129,257,129,257,129,257,129,257,129,257,129,129,257,257,129,129,257,129,257,129,257,257,129","1462,890,661,846,711,675,600,608,835,576,709,587,716,854,671,643,761,605,667,555,678,641,770,603,640,892,506,930,726,614,810,605,614,645,625,647,697,746,679,688"
7,68,1,POST_TEST,"1,1,1,1,1,1,1,1,1,1,1,1,1,1,1,1,1,0,1,1,1,0,1,1,1,1,1,1,1,1,1,1,1,1,1,1,1,1,1,0","0,0,1,0,1,1,0,1,0,0,1,1,0,1,0,1,0,0,0,0,0,1,0,0,1,0,1,0,0,1,0,0,0,0,1,1,1,1,1,0","324,677,472,418,423,535,482,388,585,439,411,857,552,564,495,323,623,1354,620,472,690,390,499,389,493,701,496,493,502,469,675,518,543,690,776,620,375,606,608,848","3,2,2,3,0,3,0,1,2,1,0,0,0,0,0,0,3,3,2,3,1,2,3,0,3,0,1,0,2,3,2,3,0,0,0,2,2,3,1,0","0,0,1,0,1,1,0,1,0,0,1,1,0,1,0,1,0,0,0,0,0,1,0,0,1,0,1,0,0,1,0,0,0,0,1,1,1,1,1,0","257,129,257,129,129,257,257,129,257,129,129,257,129,257,257,129,129,257,257,129,257,129,129,257,129,257,129,257,257,129,257,129,129,257,129,257,129,257,257,129","818,743,550,655,532,653,977,566,507,442,561,642,627,724,589,814,609,639,574,507,1028,984,696,842,609,608,715,543,572,538,662,941,614,689,611,621,674,645,669,764"
8,70,1,PRE_TEST,"1,1,1,0,1,1,1,1,1,0,1,1,1,1,0,1,1,0,1,0,1,1,0,1,1,0,1,1,1,1,0,0,0,1,1,0,1,1,1,1","0,0,1,0,0,1,1,1,1,0,0,1,1,0,0,0,0,1,0,1,0,1,0,1,0,1,0,1,1,0,1,1,1,1,1,1,0,0,0,1","1381,681,1059,1099,670,733,518,6095,740,915,554,647,607,522,508,453,694,444,512,662,1155,451,503,452,628,647,620,451,442,688,731,483,609,450,524,453,483,449,772,558","3,2,3,3,2,2,2,2,1,1,3,2,3,2,0,2,1,2,2,3,2,3,0,1,0,3,0,0,2,3,2,0,0,0,3,0,2,0,1,2","0,0,1,0,0,1,1,1,1,0,0,1,1,0,0,0,0,1,0,1,0,1,0,1,0,1,0,1,1,0,1,1,1,1,1,1,0,0,0,1","268,134,134,268,268,134,268,134,134,268,268,134,134,268,268,134,268,134,134,268,268,134,268,134,134,268,134,268,268,134,134,268,268,134,134,268,134,268,134,268","2407,1158,849,1292,724,959,591,777,665,646,723,372,392,642,601,688,466,483,392,497,1329,506,827,427,613,552,542,756,514,1908,2392,542,293,393,331,413,529,360,324,511"
9,70,1,POST_TEST,"1,0,1,1,1,0,1,1,1,1,1,1,0,1,1,0,1,1,0,1,1,0,1,1,1,1,1,0,1,1,1,0,1,1,1,1,1,1,1,1","1,1,0,0,1,0,0,0,1,0,1,0,0,0,1,1,0,1,1,1,1,1,0,1,0,0,1,1,0,1,1,1,1,0,1,0,0,1,0,1","794,565,501,1250,601,575,526,467,579,472,460,674,530,505,549,523,512,548,495,483,484,506,595,467,472,542,613,535,567,565,548,583,451,524,421,490,468,583,673,572","2,3,2,3,3,2,2,1,2,0,2,3,1,3,3,3,2,0,2,2,3,3,2,0,3,3,1,2,2,2,0,2,2,3,2,1,3,0,0,1","1,1,0,0,1,0,0,0,1,0,1,0,0,0,1,1,0,1,1,1,1,1,0,1,0,0,1,1,0,1,1,1,1,0,1,0,0,1,0,1","134,268,134,268,134,268,268,134,268,134,134,268,268,134,134,268,268,134,268,134,134,268,268,134,268,134,134,268,268,134,134,268,134,268,134,268,268,134,268,134","1163,575,525,623,858,591,562,610,595,499,547,809,658,589,674,473,341,490,608,505,828,766,480,788,523,524,682,772,506,495,493,723,380,523,486,607,424,375,1139,938"
10,82,4,PRE_TEST,"1,0,0,0,0,0,0,0,0,0,0,0,0,0,1,0,0,0,0,0,0,0,1,0,0,0,0,1,0,0,0,1,0,0,0,1,1,0,0,0","0,0,1,0,0,1,1,1,1,1,0,1,0,1,1,0,1,1,1,0,1,1,1,0,1,0,1,1,1,0,0,1,0,1,1,1,0,1,0,1","1501,1612,1552,2161,1376,1390,1405,1563,1679,1500,1330,1302,1408,1735,1300,1407,1743,1231,1564,1440,1366,1301,1481,1796,1400,1714,1690,1567,1181,1532,1411,1366,1387,1782,1430,1897,1371,1277,1269,1449","1,1,1,3,0,1,1,1,3,1,1,1,2,0,1,1,0,0,1,0,3,1,3,0,3,2,3,3,3,0,1,3,0,0,0,1,1,3,2,1","0,0,1,0,0,1,1,1,1,1,0,1,0,1,1,0,1,1,1,0,1,1,1,0,1,0,1,1,1,0,0,1,0,1,1,1,0,1,0,1","232,116,116,232,116,232,116,232,232,116,116,232,116,232,116,232,232,116,116,232,232,116,116,232,232,116,232,116,116,232,232,116,116,232,116,232,232,116,116,232","3179,1797,1459,2266,1976,1626,1762,2228,1964,1994,1226,1142,1385,1308,1860,3491,2531,1745,1828,2025,1512,2410,3802,2728,1959,1846,3218,1944,4644,1428,1847,2708,1356,2043,1666,1748,1427,1564,3210,1858"
11,82,4,POST_TEST,"0,1,0,0,0,0,0,1,0,1,0,0,0,0,0,0,1,0,1,0,0,0,1,1,0,0,0,0,0,1,0,1,0,0,0,1,0,0,0,0","0,1,1,0,1,1,1,1,0,1,0,0,1,1,1,0,0,0,1,0,0,1,0,0,1,1,1,0,0,1,0,0,1,1,0,0,1,1,0,0","1045,1069,1338,1948,1460,1284,1115,1285,1133,1049,980,988,2366,1064,807,925,836,898,918,968,1031,972,1008,1127,778,1189,1361,983,959,817,742,896,832,1716,960,782,940,886,865,873","0,2,2,0,1,1,1,2,0,1,3,0,2,2,3,2,3,2,1,3,1,3,3,2,1,2,3,3,0,1,1,1,1,0,2,0,2,2,3,1","0,1,1,0,1,1,1,1,0,1,0,0,1,1,1,0,0,0,1,0,0,1,0,0,1,1,1,0,0,1,0,0,1,1,0,0,1,1,0,0","116,232,116,232,232,116,232,116,232,116,116,232,232,116,116,232,232,116,232,116,232,116,232,116,232,116,232,116,232,116,116,232,232,116,232,116,116,232,116,232","1850,1277,852,1079,1014,1142,830,975,1109,947,1527,1661,894,1159,925,985,1195,1142,894,1608,1228,974,1545,1530,1065,1127,1168,1076,1794,1041,1037,1129,1092,978,2014,1011,1626,1223,1060,1425"
12,85,4,PRE_TEST,"1,1,1,1,1,1,1,1,1,1,1,1,0,0,1,1,0,0,0,0,1,0,1,0,0,1,1,1,1,0,1,1,1,0,1,1,1,1,1,1","1,0,1,1,0,1,1,0,0,1,1,1,1,0,0,0,0,0,0,0,1,0,0,1,1,1,1,1,1,1,1,0,0,1,1,0,0,0,1,1","879,883,1003,719,639,989,725,644,916,746,905,486,2152,572,592,581,572,698,520,693,472,1757,439,839,1719,800,685,870,215,1110,1122,630,574,456,439,750,522,709,873,2263","3,1,1,0,3,3,0,2,1,2,1,3,0,2,3,1,1,3,0,3,2,1,3,2,0,1,3,0,2,2,3,1,2,1,2,2,3,3,1,2","1,0,1,1,0,1,1,0,0,1,1,1,1,0,0,0,0,0,0,0,1,0,0,1,1,1,1,1,1,1,1,0,0,1,1,0,0,0,1,1","134,268,268,134,134,268,268,134,134,268,134,268,134,268,268,134,134,268,134,268,268,134,268,134,134,268,268,134,134,268,134,268,134,268,268,134,134,268,268,134","1129,1020,771,870,1039,1272,912,810,1088,991,1353,838,1020,758,738,892,1588,1220,720,1095,755,1030,1026,937,704,688,726,810,1215,737,832,966,1169,722,698,1487,821,693,1066,658"
13,85,4,POST_TEST,"1,1,1,1,1,1,0,1,1,0,1,1,1,1,1,1,1,1,1,1,1,1,1,1,1,1,1,1,1,1,1,1,1,1,1,1,1,1,1,1","1,0,0,0,1,1,1,0,0,1,0,0,0,1,0,0,1,1,1,1,0,0,1,1,1,1,1,0,1,1,1,0,1,0,1,1,0,0,1,0","1211,1154,432,583,600,701,618,567,481,938,1017,686,744,462,656,588,774,893,529,422,636,525,924,426,406,543,1174,1686,442,661,640,671,701,590,442,396,1038,657,1090,815","1,2,3,0,3,2,2,0,3,1,0,3,1,3,1,3,1,3,2,3,0,0,0,1,2,3,1,3,2,3,1,3,1,0,2,1,0,3,1,2","1,0,0,0,1,1,1,0,0,1,0,0,0,1,0,0,1,1,1,1,0,0,1,1,1,1,1,0,1,1,1,0,1,0,1,1,0,0,1,0","268,134,134,268,134,268,134,268,134,268,268,134,268,134,134,268,134,268,268,134,268,134,134,268,268,134,268,134,134,268,134,268,134,268,134,268,134,268,134,268","1115,792,1004,887,703,710,802,726,628,1104,1414,812,835,857,719,773,694,735,892,554,796,617,836,856,726,575,782,1025,609,687,1263,655,1237,404,811,707,713,655,703,1054"
14,84,7,PRE_TEST,"1,1,0,1,0,1,1,1,1,1,1,0,1,1,1,1,0,0,0,1,1,1,1,1,1,1,0,1,1,1,1,1,0,1,1,1,1,0,1,0","0,1,0,1,0,1,1,1,1,1,1,0,0,1,1,0,1,1,1,1,1,0,1,1,1,0,1,1,1,0,1,0,0,1,0,1,1,1,0,0","608,719,703,603,478,853,617,509,508,789,533,1466,477,513,495,522,675,476,708,451,473,1873,449,529,402,369,727,512,828,458,766,383,439,457,428,433,630,536,537,523","3,1,2,0,1,1,0,1,3,0,0,1,1,0,2,3,2,0,1,0,2,0,2,3,0,0,3,1,1,2,1,1,2,1,0,1,3,1,3,1","0,1,0,1,0,1,1,1,1,1,1,0,0,1,1,0,1,1,1,1,1,0,1,1,1,0,1,1,1,0,1,0,0,1,0,1,1,1,0,0","46,91,46,91,46,91,91,46,46,91,91,46,46,91,91,46,46,91,91,46,91,46,46,91,91,46,46,91,46,91,91,46,91,46,46,91,91,46,46,91","1493,1117,716,1059,2065,642,846,956,510,1722,563,693,617,669,818,589,644,515,878,636,629,501,567,642,491,841,1217,583,516,499,508,847,991,535,393,698,467,533,505,1017"
15,84,7,POST_TEST,"1,0,0,1,1,0,1,1,1,1,1,1,1,1,1,0,0,0,1,1,0,1,1,1,1,1,1,1,0,1,1,1,1,1,1,1,1,0,1,1","0,1,0,1,1,0,1,0,1,0,0,1,0,0,1,1,1,1,1,1,0,0,1,1,0,0,1,0,0,1,0,1,1,1,0,1,1,0,1,0","564,619,415,717,396,307,326,729,406,372,338,432,291,413,291,783,326,588,403,386,489,402,490,419,403,474,297,496,427,376,329,466,413,416,399,622,374,402,464,547","2,1,2,3,0,1,3,1,2,2,1,1,3,2,1,0,3,2,2,3,3,2,1,3,1,0,0,0,3,2,2,3,0,3,2,1,3,2,0,0","0,1,0,1,1,0,1,0,1,0,0,1,0,0,1,1,1,1,1,1,0,0,1,1,0,0,1,0,0,1,0,1,1,1,0,1,1,0,1,0","46,91,46,91,46,91,46,91,91,46,46,91,91,46,46,91,91,46,46,91,91,46,91,46,91,46,46,91,91,46,46,91,46,91,46,91,46,91,46,91","844,662,518,878,423,665,716,557,508,883,592,448,930,456,525,488,595,566,1244,496,433,644,556,506,470,409,556,457,939,436,756,781,419,316,747,417,934,423,457,773"
16,87,3,PRE_TEST,"1,1,1,1,1,0,1,1,0,1,0,1,1,1,1,1,1,0,1,1,1,1,0,1,1,1,1,1,1,1,0,1,0,0,0,1,1,1,1,1","1,0,1,0,0,1,0,1,1,1,0,0,0,0,0,1,0,0,1,1,1,0,0,0,1,0,1,1,1,0,1,1,0,1,1,1,1,1,1,0","815,704,780,561,912,831,831,735,615,590,640,472,662,535,624,642,511,615,648,735,574,912,590,1695,536,718,520,592,495,577,512,527,648,518,1334,879,638,503,663,489","1,3,3,1,2,1,1,3,2,3,3,2,2,0,2,1,3,0,1,3,2,3,0,2,2,0,2,0,2,0,3,1,3,0,0,1,0,0,1,2","1,0,1,0,0,1,0,1,1,1,0,0,0,0,0,1,0,0,1,1,1,0,0,0,1,0,1,1,1,0,1,1,0,1,1,1,1,1,1,0","266,133,266,133,266,133,266,133,266,133,266,133,266,133,266,133,133,266,133,266,266,133,266,133,133,266,133,266,133,266,266,133,266,133,133,266,133,266,266,133","1037,1104,720,1453,724,648,635,1461,1228,803,643,1005,596,687,637,843,925,704,820,655,795,783,868,624,978,813,750,921,581,690,962,831,660,920,770,1004,998,794,1058,665"
17,87,3,POST_TEST,"1,0,0,1,1,0,1,1,1,1,1,1,1,1,1,1,1,1,1,0,0,1,1,1,1,1,0,1,1,0,1,1,1,0,1,1,1,1,1,1","1,1,0,1,1,1,1,0,0,1,0,0,1,0,0,0,1,1,1,0,0,1,0,0,1,1,1,1,0,0,0,1,1,0,1,0,0,0,1,0","702,543,504,601,442,601,503,559,881,583,536,746,599,886,631,624,637,640,720,483,688,454,447,543,583,607,608,572,615,456,614,509,535,568,568,593,480,440,502,432","1,1,0,3,2,2,2,1,0,0,3,3,0,0,1,0,3,0,1,2,0,0,3,0,1,2,0,0,2,3,2,1,0,2,3,2,3,1,2,0","1,1,0,1,1,1,1,0,0,1,0,0,1,0,0,0,1,1,1,0,0,1,0,0,1,1,1,1,0,0,0,1,1,0,1,0,0,0,1,0","266,133,266,133,133,266,266,133,133,266,266,133,133,266,266,133,133,266,133,266,266,133,266,133,266,133,133,266,133,266,266,133,133,266,266,133,266,133,266,133","708,929,731,598,603,671,825,666,937,952,790,622,854,818,746,791,917,875,789,1202,1162,701,660,519,663,866,1223,568,854,1053,683,846,730,721,875,637,763,622,699,648"
18,90,6,PRE_TEST,"1,1,1,1,1,1,1,1,1,0,1,1,0,1,1,1,1,1,0,1,1,1,1,0,0,1,1,1,0,0,1,0,1,1,1,1,1,1,1,1","1,0,1,1,0,0,0,0,1,0,0,0,1,1,0,0,1,0,0,1,1,1,0,0,0,0,1,0,1,0,0,1,1,0,1,1,0,1,0,0","674,565,729,541,474,609,591,412,553,620,484,859,493,1174,544,660,1336,547,713,564,547,498,505,641,1281,581,688,633,660,577,550,522,519,480,561,530,659,615,645,1254","3,0,1,0,2,2,1,2,3,3,0,1,0,2,3,3,0,0,1,1,3,1,1,1,1,3,0,3,2,3,1,3,2,3,0,2,1,1,1,1","1,0,1,1,0,0,0,0,1,0,0,0,1,1,0,0,1,0,0,1,1,1,0,0,0,0,1,0,1,0,0,1,1,0,1,1,0,1,0,0","232,116,232,116,232,116,232,116,116,232,232,116,232,116,116,232,116,232,232,116,116,232,116,232,232,116,116,232,116,232,232,116,232,116,232,116,232,116,232,116","1171,817,1609,961,762,752,879,829,754,1201,824,1221,985,535,1204,1178,1607,1530,1202,557,555,624,600,918,598,560,555,588,576,1434,563,605,576,640,582,576,790,922,1220,1037"
19,90,6,POST_TEST,"1,1,1,1,1,1,1,1,1,1,0,1,1,1,1,0,1,1,1,1,1,1,1,1,1,1,1,1,1,1,1,1,1,1,1,1,1,1,1,1","1,1,1,1,1,1,1,0,0,0,1,0,0,0,0,0,0,1,0,1,0,0,0,1,0,1,0,0,1,0,1,1,0,1,0,1,1,0,0,0","635,559,596,480,557,623,778,872,911,656,494,519,559,650,532,568,573,618,437,374,492,450,421,651,558,432,615,516,469,491,736,699,402,521,720,779,640,559,968,713","1,2,1,1,3,3,0,2,3,0,3,3,3,3,3,0,3,2,2,1,2,0,2,2,3,0,1,1,3,2,3,1,3,2,3,3,0,2,1,2","1,1,1,1,1,1,1,0,0,0,1,0,0,0,0,0,0,1,0,1,0,0,0,1,0,1,0,0,1,0,1,1,0,1,0,1,1,0,0,0","232,116,232,116,116,232,116,232,232,116,116,232,232,116,232,116,232,116,116,232,116,232,116,232,116,232,232,116,232,116,232,116,232,116,116,232,116,232,232,116","1043,930,1032,945,722,980,1466,611,1156,974,949,1649,703,851,754,973,932,705,598,675,630,698,643,1039,584,619,685,1055,677,751,683,503,1198,463,583,511,1094,866,703,767"
20,96,0,PRE_TEST,"1,0,1,0,1,0,1,1,1,0,0,1,0,0,1,0,1,1,1,0,0,1,1,0,1,0,0,1,1,1,1,1,1,1,1,1,1,1,1,1","1,1,1,0,1,0,0,1,0,1,1,1,0,0,0,0,0,0,1,1,1,0,0,0,0,0,1,0,0,1,1,0,0,0,1,1,0,0,1,0","624,808,1435,1372,598,2194,613,724,558,827,611,732,1098,732,588,1446,1351,464,1382,978,819,544,582,1184,559,610,760,666,870,657,437,1571,538,491,570,783,770,722,710,561","0,3,2,1,1,0,3,2,3,2,1,0,1,1,0,2,0,0,1,3,1,1,3,0,0,1,1,1,0,2,2,3,0,0,3,2,1,1,2,2","1,1,1,0,1,0,0,1,0,1,1,1,0,0,0,0,0,0,1,1,1,0,0,0,0,0,1,0,0,1,1,0,0,0,1,1,0,0,1,0","116,232,232,116,116,232,116,232,232,116,116,232,232,116,116,232,232,116,232,116,232,116,232,116,116,232,232,116,232,116,116,232,232,116,232,116,116,232,232,116","1248,1106,1742,1208,836,1699,770,1069,924,1629,1106,837,1257,1061,1650,1599,834,1335,1107,880,952,873,1665,660,994,652,1526,856,741,770,680,1018,669,1099,929,735,1324,1235,829,755"
21,96,0,POST_TEST,"1,0,1,1,1,0,0,0,0,1,0,1,0,1,1,1,0,1,1,1,1,0,0,1,1,0,1,1,0,0,0,1,1,1,0,1,0,1,1,1","1,1,0,0,0,1,1,0,0,1,0,1,0,1,1,0,1,0,0,0,1,1,1,1,1,1,1,0,1,0,0,1,1,0,0,1,1,0,0,0","763,616,564,518,694,621,861,1462,464,534,767,937,1237,630,987,551,798,589,591,523,576,593,787,469,945,1109,573,771,607,591,679,627,414,1066,414,575,551,503,629,534","1,1,3,2,0,1,1,2,0,1,2,0,0,0,1,2,2,3,1,0,1,2,0,0,0,2,3,2,0,3,1,3,2,3,2,3,2,3,1,1","1,1,0,0,0,1,1,0,0,1,0,1,0,1,1,0,1,0,0,0,1,1,1,1,1,1,1,0,1,0,0,1,1,0,0,1,1,0,0,0","232,116,232,116,116,232,232,116,232,116,232,116,232,116,232,116,232,116,116,232,116,232,232,116,232,116,232,116,232,116,232,116,116,232,232,116,232,116,232,116","1149,1064,735,654,957,1221,889,1696,1344,656,1016,1003,901,914,1080,1373,728,1048,960,561,947,926,653,570,713,5467,886,639,655,957,677,751,675,650,693,843,1004,948,710,858"
22,97,1,PRE_TEST,"1,0,1,1,0,0,1,0,0,1,1,0,0,1,1,0,1,1,1,0,1,0,1,1,0,0,0,1,0,1,0,0,0,1,0,0,1,1,1,0","1,0,0,1,0,0,0,1,1,1,1,0,0,1,0,1,0,1,0,0,1,1,0,1,0,1,0,1,0,0,0,1,1,0,1,0,1,0,0,1","833,1357,796,985,1491,903,744,875,753,1443,761,1123,681,897,804,913,1055,805,716,887,959,1234,940,849,867,712,738,736,894,772,934,817,808,692,898,2623,533,647,989,1238","1,3,3,1,2,1,3,0,0,2,1,1,2,0,3,2,1,0,3,1,1,1,1,2,0,0,2,0,0,0,0,0,0,1,2,2,2,0,2,1","1,0,0,1,0,0,0,1,1,1,1,0,0,1,0,1,0,1,0,0,1,1,0,1,0,1,0,1,0,0,0,1,1,0,1,0,1,0,0,1","95,189,95,189,189,95,95,189,95,189,95,189,95,189,95,189,189,95,95,189,189,95,95,189,189,95,189,95,189,95,189,95,95,189,189,95,95,189,95,189","1091,1142,699,1411,930,1051,850,879,879,1001,652,937,624,449,993,1142,759,886,658,690,1003,1106,897,1215,1056,805,1143,1081,995,900,875,1012,1045,697,978,1024,1241,949,1288,743"
23,116,5,PRE_TEST,"1,1,0,1,1,1,1,0,0,1,1,1,1,1,1,1,1,1,1,1,1,1,1,1,1,1,1,1,1,1,1,1,1,1,1,1,1,1,1,1","0,1,0,1,0,0,0,1,0,1,0,0,0,1,0,1,1,1,1,0,1,0,1,0,1,0,0,0,0,1,1,0,1,1,0,0,0,1,1,0","412,606,911,505,496,706,457,464,475,553,614,551,520,381,488,466,566,577,513,364,588,456,543,536,449,925,533,571,370,520,566,700,458,458,555,746,381,382,498,467","3,0,2,1,1,1,1,1,2,0,0,1,1,0,0,1,1,1,0,0,1,3,0,3,0,3,1,0,3,0,0,3,1,1,2,1,3,3,0,3","0,1,0,1,0,0,0,1,0,1,0,0,0,1,0,1,1,1,1,0,1,0,1,0,1,0,0,0,0,1,1,0,1,1,0,0,0,1,1,0","130,260,260,130,130,260,130,260,260,130,260,130,260,130,130,260,260,130,130,260,260,130,130,260,130,260,260,130,260,130,260,130,130,260,130,260,260,130,130,260","1139,590,977,523,823,590,722,760,560,490,878,530,451,563,755,546,488,663,828,763,519,972,580,689,503,464,503,520,538,512,745,538,438,494,586,591,507,755,470,410"
24,116,5,POST_TEST,"0,1,1,1,1,1,1,1,1,1,1,1,0,1,0,1,1,1,0,0,1,1,1,1,1,1,1,1,0,1,1,1,1,1,1,1,1,1,1,1","1,0,0,1,1,1,0,1,0,0,1,0,1,0,1,0,1,1,1,0,1,1,0,0,1,1,0,0,0,1,0,1,1,1,1,0,1,0,0,0","599,367,595,577,373,493,372,531,587,419,480,370,629,526,473,418,504,599,477,375,743,536,381,492,440,496,552,350,496,472,430,498,423,380,460,498,507,458,420,503","2,0,1,1,2,0,3,2,0,3,3,1,0,2,0,3,3,3,0,3,3,3,3,1,2,2,2,2,0,1,2,0,0,0,1,3,1,0,2,3","1,0,0,1,1,1,0,1,0,0,1,0,1,0,1,0,1,1,1,0,1,1,0,0,1,1,0,0,0,1,0,1,1,1,1,0,1,0,0,0","260,130,130,260,260,130,130,260,260,130,260,130,130,260,260,130,130,260,260,130,260,130,130,260,260,130,260,130,260,130,260,130,130,260,130,260,260,130,260,130","526,576,591,561,531,442,458,505,471,352,410,452,381,519,518,429,507,906,871,514,422,381,678,676,758,430,809,666,639,541,495,427,918,946,331,536,568,1010,662,476"
25,140,5,PRE_TEST,"1,0,0,0,0,1,1,1,1,1,1,1,1,0,1,0,1,0,0,1,1,0,1,1,0,1,1,1,1,1,1,0,0,1,1,1,1,1,1,1","0,1,1,1,0,1,0,0,1,0,1,1,0,1,0,0,0,1,0,1,1,1,1,1,1,1,1,1,1,1,0,0,0,0,1,0,1,0,0,1","616,582,549,624,485,768,588,632,505,608,533,601,449,672,829,622,637,1360,445,566,446,426,443,443,441,440,689,540,429,564,454,378,412,499,813,522,489,529,475,744","2,2,0,0,2,3,1,1,2,0,2,0,3,0,1,1,1,2,0,0,0,2,3,1,1,2,0,2,2,0,3,1,0,0,3,0,0,3,1,2","0,1,1,1,0,1,0,0,1,0,1,1,0,1,0,0,0,1,0,1,1,1,1,1,1,1,1,1,1,1,0,0,0,0,1,0,1,0,0,1","114,227,227,114,227,114,114,227,227,114,114,227,227,114,114,227,114,227,114,227,114,227,227,114,227,114,227,114,227,114,114,227,114,227,114,227,114,227,227,114","3801,7368,837,503,744,447,955,4768,648,525,686,568,362,604,516,658,465,767,1565,414,442,446,486,342,278,379,564,561,598,798,546,698,701,444,396,472,514,883,536,1613"
26,140,5,POST_TEST,"1,1,0,1,0,1,1,0,1,1,0,1,1,1,1,1,1,0,1,0,1,0,1,0,0,1,0,0,1,0,1,1,1,1,0,0,0,1,1,0","1,1,1,1,1,1,1,1,1,0,0,0,1,1,1,0,0,0,0,1,0,0,0,0,0,1,1,0,1,0,0,0,1,1,1,0,0,0,0,1","4355,691,631,757,2651,725,617,615,1152,551,439,488,561,537,497,398,484,387,492,485,474,695,476,638,532,655,941,553,500,518,441,464,437,527,2383,686,1271,505,405,872","2,2,2,2,2,2,3,3,1,2,1,0,1,3,1,2,2,0,0,2,1,3,2,3,0,2,0,3,3,3,0,3,2,0,0,2,3,0,3,2","1,1,1,1,1,1,1,1,1,0,0,0,1,1,1,0,0,0,0,1,0,0,0,0,0,1,1,0,1,0,0,0,1,1,1,0,0,0,0,1","114,227,227,114,114,227,227,114,227,114,114,227,227,114,114,227,114,227,227,114,227,114,114,227,227,114,227,114,114,227,114,227,114,227,227,114,114,227,114,227","5684,681,599,1952,919,8445,4268,985,2762,509,652,650,861,707,545,911,465,1645,355,808,536,512,582,728,486,636,613,685,452,541,427,522,459,730,986,470,386,522,357,442"
27,158,1,PRE_TEST,"0,0,1,0,0,1,1,1,1,0,1,1,1,1,1,1,1,1,0,1,1,1,1,1,1,1,1,1,1,0,1,1,0,1,0,1,0,0,0,1","0,1,1,1,1,1,0,0,0,1,0,1,1,1,1,1,1,1,0,1,0,1,0,0,1,1,1,1,1,0,0,1,1,1,1,0,1,1,1,0","623,1025,498,620,547,614,595,1036,446,1524,3274,528,488,646,603,580,586,480,472,577,366,614,675,543,420,516,779,420,684,1625,387,396,391,351,422,699,788,395,480,353","2,0,0,0,3,1,3,0,3,0,1,0,2,2,3,1,3,0,2,2,3,2,0,3,2,1,1,0,2,3,3,0,2,3,0,2,0,2,1,0","0,1,1,1,1,1,0,0,0,1,0,1,1,1,1,1,1,1,0,1,0,1,0,0,1,1,1,1,1,0,0,1,1,1,1,0,1,1,1,0","146,293,293,146,146,293,293,146,293,146,146,293,146,293,146,293,146,293,146,293,146,293,293,146,146,293,293,146,293,146,293,146,146,293,146,293,146,293,293,146","1269,1221,702,708,789,918,802,670,601,1370,1066,767,803,585,684,719,493,570,514,616,817,653,714,779,552,686,1250,641,668,802,554,508,760,784,630,631,640,530,660,796"
28,158,1,POST_TEST,"1,1,0,1,1,1,1,1,0,1,1,1,1,1,1,1,1,1,1,0,1,1,1,1,1,1,1,1,0,1,1,0,1,0,0,1,1,0,1,0","1,1,1,0,0,0,1,1,0,1,0,1,0,1,1,1,1,1,1,1,0,0,1,1,1,1,1,1,1,1,1,1,0,1,0,1,0,1,1,1","548,464,860,495,523,468,443,483,451,510,629,505,471,599,618,484,538,772,418,488,672,593,463,406,560,527,487,425,392,644,400,452,546,362,416,482,515,503,413,658","3,0,0,3,1,1,3,2,2,2,1,0,2,2,3,3,0,3,2,1,0,0,3,3,0,0,0,3,0,0,2,2,1,2,0,0,3,1,2,0","1,1,1,0,0,0,1,1,0,1,0,1,0,1,1,1,1,1,1,1,0,0,1,1,1,1,1,1,1,1,1,1,0,1,0,1,0,1,1,1","146,293,146,293,293,146,293,146,293,146,146,293,293,146,293,146,293,146,293,146,293,146,146,293,293,146,293,146,293,146,146,293,293,146,293,146,293,146,146,293","451,449,742,840,507,598,508,773,701,842,575,636,757,587,939,719,751,821,718,520,768,703,648,601,776,808,482,595,499,659,852,593,797,628,631,804,1167,465,822,801"
