,participant_id,task_idx,task_status,results_responses,results_rt,results_targetvalue
0,15,0,PRE_TEST,"5,5,6,7,7,5,7,6,7,7,7,7,7,5,8,7,6,6,5,8,5,7,8,6,7,8,6,7,6,5,7,5,6,5,7,5,7,6,6,7,5,6,7,7,6,7,7,5,7,6,5,7,6,7,6,7,7,6,7,5,8,5,5,7,6,6,7,7,8,6,7,7,7,5,6,7,8,5,6,7,6,5,7,8,6,6,5,7,8,5,8,7,6,7,5,7,5,6,8,8","2248,2354,2638,4391,4176,3145,4959,1791,3854,3674,2607,4011,3945,1644,2859,3426,3537,2410,2523,2623,2975,2426,2649,3210,4377,5129,2422,4373,2710,2442,3626,2099,1946,1157,2324,1562,3538,2661,3819,2386,1606,1953,3723,1863,2449,3560,2652,1857,2542,2047,2368,1694,2713,2558,2628,3525,1843,2254,2426,1841,2908,2239,1941,2723,2624,1796,2879,2724,1877,3030,3090,2944,2761,2311,3362,2578,4133,2765,2342,2640,2317,1197,2707,2724,2109,2548,2372,1241,2367,2347,4328,4262,1946,2205,1742,3707,1671,4432,3025,3677","5,7,6,9,8,5,9,6,8,7,9,6,7,5,8,7,8,6,5,9,5,7,8,6,9,9,6,7,8,5,9,6,7,5,8,5,9,8,7,6,5,7,8,9,6,9,8,5,7,6,5,9,6,8,7,9,7,6,8,5,9,6,5,8,7,6,8,7,9,5,8,7,9,5,6,9,8,5,6,7,6,5,9,8,7,7,6,8,9,5,9,8,6,7,5,7,5,6,9,8"
1,15,0,POST_TEST,"5,6,7,6,6,5,8,7,7,5,6,6,7,5,7,7,5,6,8,7,7,5,8,6,7,6,8,6,6,7,7,6,7,7,7,6,7,5,7,9,8,5,7,6,6,7,6,6,5,8,7,7,6,6,7,7,6,8,5,8,6,7,7,7,5,7,7,8,6,5,6,8,7,7,6,7,5,6,8,6,6,5,7,8,6,7,6,5,6,8,5,5,7,7,7,5,6,6,7,7","1741,3023,4490,2350,2185,1681,3939,2741,2324,2141,1776,2944,2458,2064,2130,1830,1925,3364,2905,2409,1803,1708,3979,1814,2682,3664,2881,2623,2231,2829,2404,3381,2827,2976,2948,2494,2644,1893,2496,2114,2857,1525,3942,1928,4034,2715,2609,4173,1758,3533,2746,2995,2046,2577,2726,2352,1602,3589,3334,2693,2539,2509,1677,2263,2199,2361,2300,2637,3375,2023,2010,2260,2016,2697,2359,2531,1806,1987,1943,2287,2159,1455,1748,2476,1405,2555,2026,3198,1982,2460,1560,1455,2642,1998,3516,1360,1490,1830,1891,1647","5,9,8,6,7,5,9,7,8,6,6,7,9,5,8,8,5,7,9,6,7,6,9,5,8,7,9,6,5,8,9,5,6,7,8,6,7,5,8,9,9,5,8,6,7,8,6,7,5,9,6,8,7,5,9,7,6,8,5,9,6,8,7,9,5,7,9,8,6,5,6,8,7,9,5,8,5,7,9,6,7,5,9,8,6,8,7,5,6,9,6,5,8,7,9,5,6,9,8,7"
2,51,5,PRE_TEST,"5,7,5,6,6,6,7,7,5,6,7,8,8,6,5,6,7,9,5,6,5,7,8,7,6,7,7,5,6,7,8,7,9,6,5,5,6,7,7,8,6,7,7,5,8,7,8,6,6,5,7,9,6,5,7,8,8,6,5,6,6,5,7,7,8,8,7,5,9,6,6,5,8,7,7,6,9,8,5,6,5,8,6,5,7,6,5,8,7,7,9,6,5,7,8,5,7,7,7,5","4075,4528,2741,3131,2127,3108,2552,4792,2620,2338,3152,3948,5642,3241,4178,3932,4440,4826,3860,3722,3477,4446,3356,2760,1617,3283,3956,2545,2392,4228,2674,3761,2985,2291,2103,2856,2491,4225,3959,2787,874,2660,2196,3810,3861,2407,7989,4180,2828,3011,2890,3139,1960,2424,2768,1772,5375,2691,1588,5040,2821,1697,2495,2329,7808,3996,4035,1635,4742,2280,2059,1661,3256,4074,2996,2111,3106,2862,2060,2072,2016,2393,1876,1775,6322,1688,2525,4123,3399,2215,3370,2520,1864,3140,1440,3561,3301,3920,2337,2479","8,9,5,6,7,7,9,8,5,6,7,8,9,6,5,6,7,9,5,8,5,7,8,9,6,7,8,5,6,9,8,7,9,6,5,5,6,9,7,8,6,8,7,5,9,8,9,7,6,5,8,9,6,5,7,9,8,6,5,7,6,5,8,7,9,8,7,5,9,6,6,5,9,7,8,6,9,8,5,7,5,9,7,6,8,6,5,9,8,7,9,6,5,7,8,6,7,9,8,5"
3,51,5,POST_TEST,"6,6,6,5,6,5,7,6,7,6,5,8,8,6,7,5,6,8,6,7,7,8,5,8,6,5,8,7,6,6,8,5,6,8,6,6,5,7,6,8,6,8,6,5,7,6,5,8,7,6,6,8,7,5,5,9,6,7,5,8,8,7,6,5,7,5,7,7,9,6,5,7,6,8,8,6,8,7,7,5,8,5,6,6,7,5,7,5,8,7,8,7,6,8,5,6,8,6,7,5","4023,3179,3755,2961,4318,4326,5606,2816,3163,2599,4332,5113,3601,2761,3227,4418,1397,4028,3112,2957,2893,4527,2344,4328,3163,3214,14365,4891,11630,3398,3952,3213,1729,3981,2479,2763,2875,2902,4625,3867,3304,3816,2191,2703,1613,5901,2804,3793,4051,2962,3987,4329,3796,4158,2381,8694,2852,2805,3159,4727,4720,2830,2444,1266,3210,1037,3161,4619,3794,3053,2665,3694,2413,7110,3234,3716,3484,2696,3679,4261,4870,2599,2560,2447,2768,4579,3413,2482,3067,3518,4004,4755,2783,4149,4606,3411,4017,2747,3402,3349","7,6,8,5,9,5,8,6,9,7,5,9,8,6,7,5,6,8,9,7,7,9,5,8,6,5,8,9,7,6,9,5,7,8,6,6,5,9,7,8,7,9,6,5,8,7,5,9,8,6,8,9,7,6,5,9,6,7,5,8,9,8,6,5,7,5,8,7,9,6,5,7,6,9,8,6,9,8,7,5,9,5,7,6,8,6,8,5,9,7,8,7,6,9,5,7,9,6,8,5"
4,48,4,PRE_TEST,"8,5,6,8,8,9,7,6,6,7,6,7,7,8,7,9,7,7,8,6,9,7,7,5,7,7,9,8,7,9,9,8,8,6,9,6,9,9,7,8,6,7,8,6,7,9,8,7,6,6,10,8,9,10,9,7,5,8,11,9,8,8,9,6,7,8,7,6,7,8,7,7,7,8,8,8,7,8,5,7,7,6,9,9,7,7,7,7,5,8,9,6,7,7,9,7,7,8,9,9","8878,6955,5906,5038,5836,5332,4151,4715,2458,4230,4328,4171,4721,6005,5471,5520,3811,4859,6801,4139,6102,4536,3751,3757,5391,4020,6261,4708,4823,5740,5708,4944,4906,6337,5574,4489,6185,5398,6102,3516,3513,7003,1392,2832,5520,1342,3459,5319,2997,3162,5687,4825,4758,2041,3154,2147,2801,5509,5277,4652,4169,4654,4284,3168,3813,4196,2765,2966,3485,5239,6013,2288,4227,5589,4947,4055,3129,6288,3152,4719,3686,2845,2720,2754,3737,3548,3333,3893,2834,5071,4652,2407,3456,2969,4856,2363,3863,3916,4447,5538","9,5,6,7,8,9,7,5,6,8,5,6,7,8,9,9,8,6,7,5,9,8,6,5,7,5,8,6,9,7,7,6,8,5,9,5,9,8,6,7,5,8,9,6,7,8,9,7,5,6,9,5,6,8,7,8,5,9,7,6,7,8,9,5,6,8,7,5,6,9,5,6,7,9,8,8,6,7,5,9,7,6,9,8,5,6,8,7,5,9,9,6,7,5,8,5,6,9,7,8"
5,48,4,POST_TEST,"5,7,8,7,9,7,7,5,8,8,8,8,7,9,5,6,6,7,8,7,6,8,8,7,8,8,6,6,7,7,8,6,8,6,8,6,7,6,9,8,8,8,5,6,8,6,8,8,7,9,9,9,6,8,5,5,7,6,8,7,8,8,8,7,7,6,8,7,8,7,8,6,8,8,9,9,5,8,7,8,9,5,7,9,6,7,7,9,6,7,7,8,8,6,7,6,8,9,8,8","2205,3624,4929,4885,5225,5045,4562,2232,3752,3819,5525,6140,4893,6574,4681,4908,5573,6235,9010,8072,4399,6642,6173,5745,4576,3355,2748,2345,6647,3174,5753,6567,7912,6801,4914,2569,2530,2929,4793,4834,3049,4148,2497,5023,2796,3278,4473,2569,3266,3443,3980,2763,2127,4498,2863,1551,3889,4205,2829,2801,2718,1030,5223,4230,2818,3515,2565,2524,3106,5982,3568,3160,5493,2828,3824,6001,3229,4304,2963,4845,2411,5333,6469,8078,2596,4329,7653,3709,2974,8390,2566,7059,4457,5535,5770,3261,2981,10093,5618,3995","5,8,9,6,7,6,7,5,8,9,7,6,8,9,5,6,5,8,9,7,6,8,7,5,9,8,5,6,9,7,6,7,8,5,9,8,6,5,9,7,9,7,5,6,8,5,8,7,6,9,8,9,6,7,5,5,8,6,9,7,8,9,6,7,5,7,9,5,6,8,7,5,9,6,8,9,5,7,6,8,7,6,8,9,5,7,8,9,6,5,6,9,8,5,7,5,9,6,7,8"
6,68,4,PRE_TEST,"6,6,6,7,5,8,5,6,6,7,6,8,5,8,6,5,7,7,6,6,5,9,7,6,7,8,6,5,7,8,10,6,8,6,5,9,6,7,5,7,8,7,6,9,5,7,5,7,10,6,7,4,8,7,6,9,7,6,5,6,5,8,6,9,7,5,7,8,9,6,8,5,6,5,8,7,6,5,8,8,7,6,9,6,9,8,10,5,7,6,6,8,6,1,6,7,5,11,6,7","4800,12760,3122,6069,2782,8432,2105,2788,4326,9472,994,3083,2990,4237,15451,2983,7182,10546,2978,5650,3008,3466,3679,5297,3530,5839,6659,2183,3250,3306,3728,3593,6381,1227,2908,3277,2626,3481,2774,3952,7094,3125,1335,2996,1024,2380,2676,3843,8906,5877,4349,3313,8804,2825,2256,3806,7938,13454,2185,4913,1980,7233,2242,2021,8410,2353,4075,5336,6894,5307,11463,3674,1204,2076,4624,4106,1202,2207,4766,4251,8307,2303,1972,2424,3602,6103,9184,2249,2315,2524,2604,6125,2897,3847,1200,3600,4355,4321,2210,2430","7,8,6,9,5,8,5,6,7,9,6,9,5,8,7,5,8,9,6,7,5,8,7,6,9,9,6,5,7,8,9,6,8,7,5,9,6,7,5,8,8,6,7,9,5,7,5,8,9,6,7,5,9,8,6,8,7,6,5,9,5,9,6,8,7,5,7,8,9,6,8,6,7,5,9,9,6,5,7,8,7,6,8,5,9,8,9,5,7,6,5,9,6,8,7,8,5,9,7,6"
7,68,4,POST_TEST,"6,6,5,8,6,5,7,6,8,9,8,5,7,6,7,5,5,7,8,9,7,6,9,5,8,7,5,6,8,7,6,9,8,6,5,8,7,5,7,6,7,7,5,8,7,8,8,7,6,6,6,8,9,5,7,6,6,7,5,7,5,7,7,5,8,5,6,7,7,5,8,6,7,5,8,5,6,9,7,7,6,6,13,8,5,6,10,8,5,7,7,6,8,6,5,8,13,7,7,6","6157,3264,2560,2149,3194,3201,5534,2855,4066,8959,6800,2331,3074,6691,6108,4092,2942,3979,3691,5567,5825,5393,7042,1833,7750,5722,3424,5158,5580,6725,4247,8251,3933,3305,2115,7351,4397,3105,6083,4647,5125,5288,2752,4916,1799,4278,5617,2761,2227,2924,2010,5148,5474,2534,2798,4751,2075,5545,1704,6247,2309,5985,6290,1850,5610,1685,4914,4105,4122,3365,5097,2034,8027,2107,3796,2665,3374,6396,4637,4885,1727,2070,568,7404,2922,3018,5666,8150,3480,2279,6033,3577,5861,2007,2772,4759,712,1917,6398,5235","7,6,5,9,8,5,7,6,8,9,9,5,7,6,8,6,5,7,8,9,7,6,9,5,8,8,5,6,9,7,7,9,8,6,5,9,8,5,7,6,9,6,5,8,7,9,8,7,6,5,6,8,9,5,7,7,6,9,5,8,6,7,8,5,9,5,6,8,7,9,9,6,7,5,8,5,7,9,6,8,6,7,8,9,5,6,9,8,5,7,8,6,9,7,5,9,5,7,8,6"
8,70,4,PRE_TEST,"7,5,7,6,8,8,7,7,6,5,8,5,5,7,7,7,8,6,6,8,8,6,6,8,7,9,5,6,8,8,9,5,7,7,6,6,7,7,5,8,7,9,5,7,9,6,7,5,9,7,7,5,7,7,6,6,7,6,8,8,8,8,6,8,6,7,5,7,6,8,6,7,7,6,8,8,7,6,5,7,9,5,8,6,7,7,7,7,6,7,6,7,7,5,6,7,7,5,6,7","3942,2142,3190,2598,2599,2959,2449,2477,992,2820,2546,1878,2498,2543,2576,1773,2366,2307,2242,2319,1981,1861,1888,2860,1996,2415,1897,2049,2378,1388,1506,1822,1957,1875,2361,2575,1412,1987,1593,2445,1567,1942,2268,2397,3540,1494,2393,1789,2903,2139,4420,1807,2175,2139,1393,1822,2061,1670,2175,1640,1561,1946,1940,2179,2076,1957,1543,2287,1639,2420,1775,2038,1922,2821,2436,2343,1812,1922,2031,1967,3505,1607,1786,1779,1864,1627,1914,1862,2075,1978,2148,1630,1972,2050,1972,2293,1619,1774,1562,1990","7,5,8,6,9,9,7,8,6,5,9,5,6,8,7,7,8,5,6,9,8,5,6,9,7,9,5,6,8,7,9,5,8,6,7,6,9,7,5,8,6,9,5,7,8,5,8,6,9,7,9,5,8,7,6,6,7,5,9,8,8,9,6,7,5,8,5,7,6,9,6,8,7,5,9,9,8,6,5,7,9,5,8,6,7,6,8,9,5,7,7,9,8,5,6,8,9,5,6,7"
9,70,4,POST_TEST,"7,6,5,5,7,7,5,8,6,6,6,5,7,8,6,5,7,7,5,7,7,8,6,7,5,7,6,5,7,7,8,7,5,6,8,7,7,8,6,6,6,8,7,5,8,6,5,7,8,7,6,7,7,6,8,6,6,5,7,7,7,8,8,6,5,5,7,7,7,6,7,6,8,6,5,5,7,6,8,6,7,7,7,4,6,5,8,6,7,7,7,6,5,7,7,6,8,7,6,6","2475,1779,1412,1390,1664,3449,1393,1786,1380,1520,1458,895,1917,2334,1949,1859,1739,1374,1020,1345,1388,1616,1396,1655,1170,2172,1057,1085,1356,1788,1223,2232,1632,1090,1202,2126,2171,1509,1562,1346,939,1495,1610,1257,1381,1249,996,1106,2228,1706,1460,1381,1200,1288,1460,2106,1041,1145,1507,1617,1507,1957,2404,1061,1146,1127,1358,893,1572,1808,1189,1023,2113,1758,1755,1804,1856,1420,1479,1279,1591,1715,1321,840,1276,694,2109,1656,1222,1796,872,1422,1206,1700,1379,1141,1836,1399,1274,1720","8,6,7,5,9,8,5,9,6,7,7,5,6,9,8,5,7,9,6,8,7,8,6,9,5,9,6,5,8,7,8,7,5,6,9,7,8,9,6,5,6,9,7,5,8,6,5,7,8,9,6,7,8,5,9,7,6,5,9,8,7,8,9,6,5,5,8,7,9,6,8,6,9,7,5,5,8,6,9,7,9,8,7,5,6,5,9,7,6,8,6,7,5,8,9,5,9,8,6,7"
10,82,5,PRE_TEST,"5,5,6,8,7,6,9,8,9,5,6,7,7,9,8,8,8,7,6,8,9,8,7,9,7,7,5,8,9,11,9,10,6,8,8,9,8,8,8,6,5,6,6,8,9,8,7,9,6,6,9,6,6,8,6,5,7,7,8,5,10,6,10,5,6,9,8,8,7,6,8,8,6,6,6,7,7,6,6,6,6,7,8,7,6,6,7,8,9,6,7,7,9,6,7,8,7,8,5,8","3209,3424,2760,2939,2880,3085,3424,3824,3623,2307,2809,2751,3145,2906,2764,2658,3172,2340,2051,3903,4229,6824,3006,3760,3972,2191,4006,4342,3790,3373,4357,3874,4177,3609,5465,4594,4473,3775,2141,3494,3660,3607,1473,3289,3290,1943,3376,3274,1197,3158,3047,3304,3057,3450,3040,3820,3376,3127,3080,3981,3540,3377,3229,4389,3204,2975,3127,4024,3046,2960,3090,3094,3058,2991,1106,3176,3022,3257,2875,3328,3344,3289,3663,1992,3438,3895,3323,3757,1445,3624,3310,5333,1941,3156,3561,3231,1225,4206,3441,1064","7,5,6,9,8,6,9,7,8,5,5,7,6,9,8,9,7,6,5,8,9,7,5,8,6,6,5,7,8,9,7,9,5,6,8,9,7,8,6,5,5,7,6,8,9,8,6,9,7,5,9,7,5,8,6,5,8,6,7,9,8,6,9,5,7,9,8,7,6,5,8,9,7,5,6,6,9,8,5,7,7,6,9,8,5,6,7,8,9,5,8,7,9,5,6,8,6,7,5,9"
11,82,5,POST_TEST,"7,5,6,6,8,8,6,6,9,6,7,8,6,7,9,7,9,8,9,6,6,7,8,5,7,7,6,6,8,6,5,6,7,7,8,5,6,8,9,6,9,6,5,6,7,7,9,8,7,7,7,7,8,7,7,5,6,8,6,7,6,5,9,7,6,6,9,7,10,5,7,7,8,7,5,7,6,5,6,8,9,7,7,6,7,5,7,7,6,8,7,6,6,5,9,6,8,9,7,7","2823,3022,2538,2963,2676,1358,2151,2973,2063,2222,2323,1194,2473,1075,3513,2552,2579,2407,2080,1743,2144,2625,3174,2359,2157,3041,3533,2947,2998,2965,3560,3079,3048,2999,3255,3073,3155,3394,3144,3641,2908,2840,3058,4374,4367,3411,3207,3306,3095,3409,1460,3827,3242,3868,3024,2826,3127,3214,2989,3391,3111,3096,3091,3860,4708,3259,4030,4428,3722,3140,3623,3211,4049,4476,3378,3194,2658,3450,3581,1557,3677,3301,1291,3590,3028,3308,3525,3758,4391,3307,3317,3141,3223,3692,2161,2360,3377,4251,3073,3207","8,5,7,6,9,9,5,6,8,7,6,8,5,7,9,6,9,8,7,5,6,9,8,5,7,9,6,7,8,5,5,6,8,7,9,5,7,9,8,6,9,6,5,8,7,6,9,7,5,8,9,5,8,6,7,5,7,9,6,8,6,5,9,8,7,6,8,7,9,5,8,7,6,9,5,8,9,5,6,7,9,8,5,6,7,5,7,8,6,9,6,7,5,8,9,7,9,8,6,5"
12,85,2,PRE_TEST,"8,6,7,7,5,7,8,7,9,5,5,7,9,5,7,8,5,7,9,6,7,5,8,8,6,6,7,5,8,8,8,8,9,6,5,7,6,9,8,5,8,8,6,7,5,7,5,8,7,7,8,7,5,9,6,5,6,7,9,8,8,7,9,6,5,6,9,7,5,7,8,8,6,5,8,7,8,8,6,5,6,9,7,5,8,5,8,6,7,8,7,7,5,8,6,8,5,7,7,6","4446,5422,4243,2907,1877,2370,2809,8903,4233,2004,3265,4723,5094,2304,3870,5857,1887,2538,3688,1971,2220,1808,3762,2975,1802,2020,6407,1805,3354,2505,2106,1515,4686,2303,1542,2787,1882,4163,3115,2030,2237,1986,2625,2870,3630,2546,1403,3354,2987,2462,2192,4127,1822,2971,2054,2064,2244,1859,3724,1654,4008,3780,3610,2058,3448,1964,3737,4087,1666,3975,3521,4154,1321,2354,2260,2364,2327,2121,2087,2053,1527,3504,2049,1753,4641,1846,2475,1621,1622,2570,1598,1828,2106,1791,1863,1414,1740,3189,1570,1440","9,7,6,8,5,7,8,6,9,5,5,7,9,6,8,8,5,7,9,6,7,5,9,8,6,6,7,5,8,9,8,7,9,6,5,7,6,9,8,5,9,8,6,7,5,6,5,9,8,7,8,7,5,9,6,5,6,7,9,8,8,7,9,6,5,6,9,8,5,7,7,9,6,5,8,7,8,9,6,5,6,9,7,5,8,5,8,6,7,9,7,8,5,9,6,9,5,8,7,6"
13,85,2,POST_TEST,"5,6,6,8,8,5,6,8,7,9,7,5,8,9,6,7,6,5,9,8,6,8,7,5,9,7,5,6,8,7,8,10,5,7,6,5,6,7,8,9,10,6,7,5,7,6,9,8,8,5,7,6,6,8,9,7,9,5,6,8,8,7,9,5,7,8,10,5,6,8,7,6,7,5,8,7,8,5,6,8,5,7,8,6,8,7,6,5,9,8,5,9,8,5,6,8,6,7,5,7","1677,2602,2138,2577,1558,1439,1103,3630,1888,2316,1638,1328,1902,2670,1937,3535,2259,1521,5222,2805,1348,3486,3087,1385,1746,2689,1565,1684,1536,2246,2481,3853,1484,1959,1410,2124,2490,2385,4681,2511,2320,2380,1975,1302,2407,1919,2110,5605,1913,1861,3076,1139,1243,4024,4628,1313,2560,2314,1159,2222,1725,2602,2176,1386,1455,1652,4528,3230,1822,1392,1404,1436,1526,1369,1877,2085,2190,1339,2230,1652,1433,1235,8590,2840,2794,2085,1191,2794,3871,1711,1795,2162,2996,2061,1694,2775,3634,3262,1158,1920","5,7,6,9,8,5,6,8,7,9,7,5,8,9,6,7,6,5,9,8,6,8,7,5,9,7,5,6,9,8,8,9,5,7,6,5,6,7,8,9,9,6,7,5,8,6,9,7,8,5,7,6,5,8,9,7,9,5,6,8,8,7,9,5,6,7,9,5,6,8,7,6,8,5,9,7,9,5,6,8,5,7,9,6,8,7,6,5,9,8,5,9,8,6,7,9,6,8,5,7"
14,84,0,PRE_TEST,"6,6,5,6,4,6,6,5,8,6,7,7,6,6,8,6,6,6,8,5,5,7,8,6,6,7,5,5,7,7,8,7,7,5,6,7,5,8,6,7,6,8,7,6,5,7,6,5,6,5,5,8,7,6,7,7,8,6,6,6,5,6,6,6,6,5,5,6,7,8,5,5,6,7,7,7,5,5,6,5,5,7,6,7,7,6,6,5,8,7,6,6,5,6,6,6,6,5,8,6","3745,5564,4047,3391,2439,3407,3467,3821,2871,3463,3871,3397,2487,2998,1972,2648,2261,1916,1962,3098,2020,2248,2687,2093,3155,3066,1721,2216,1788,2289,1644,2416,1558,4161,2446,4423,3381,4420,5528,2636,4022,2065,3542,3435,2642,4583,2946,2962,5339,2793,3720,2986,5015,3240,4111,2237,1921,4207,1922,2686,1960,2591,7916,9917,6284,2464,6961,1115,2149,3022,3478,2036,6220,2072,4321,4517,4369,2279,4090,3067,3086,2068,3146,6387,8644,4196,4468,3306,5242,3411,3943,2620,2764,4994,2640,2178,3394,2773,5132,2214","9,6,8,7,5,7,8,5,9,6,8,7,5,6,9,7,6,8,9,5,5,8,9,6,7,8,5,6,9,7,9,6,8,5,7,6,5,9,7,8,7,8,9,6,5,9,6,5,8,7,6,9,7,5,8,8,9,5,6,7,5,9,6,7,8,5,6,7,8,9,6,5,7,9,8,8,5,7,9,6,5,8,6,7,9,8,6,5,9,7,9,6,5,7,8,8,7,5,9,6"
15,84,0,POST_TEST,"7,6,5,8,6,6,5,5,5,7,6,5,7,5,5,5,6,7,8,5,6,5,7,6,5,8,8,6,5,4,7,5,4,6,8,6,5,5,7,8,6,9,8,5,6,7,7,5,7,7,5,6,6,6,7,8,7,6,6,5,6,7,6,7,7,8,4,7,6,6,7,7,7,8,6,6,4,9,8,7,6,8,9,7,6,6,7,6,8,5,8,6,5,7,6,6,8,7,6,8","4568,2952,1662,3539,1959,3727,2294,2373,2547,4143,1393,2202,1587,1770,959,2733,2277,1201,2432,1918,1461,1758,2261,1942,1679,3067,2381,3337,2490,1936,2289,2360,815,3677,2072,2038,1444,1765,2040,2877,1561,875,2181,1637,1943,1852,1760,153,3343,2234,1617,2177,1412,2252,2217,1950,5532,2770,2903,2894,1280,3365,2009,6307,2689,2136,433116,774,742,2360,3228,2953,4270,2407,752,1560,614,738,1691,838,2806,886,1428,1637,1842,2514,1811,43330,2758,1732,1040,886,2743,2130,4518,2336,2386,3774,1831,2727","8,7,5,9,6,8,6,7,5,9,9,7,8,6,5,5,9,7,8,6,7,5,9,8,6,9,8,7,6,5,8,6,5,7,9,7,6,5,9,8,6,9,8,5,7,7,5,9,8,6,5,6,7,8,9,8,7,9,6,5,7,8,6,5,9,9,5,8,7,6,7,8,9,6,5,6,5,9,8,7,7,9,8,5,6,8,7,6,9,5,9,7,6,8,5,6,8,7,5,9"
16,87,4,PRE_TEST,"7,6,7,9,5,7,7,5,7,6,7,5,6,7,8,7,7,8,6,5,7,8,6,7,5,6,5,6,7,9,8,9,7,6,5,7,5,8,8,5,7,6,8,5,9,8,6,7,8,5,7,5,9,8,6,6,9,8,6,7,6,7,8,5,9,9,5,6,7,7,5,6,7,8,8,7,8,5,9,5,10,7,5,8,6,7,8,5,6,8,7,8,7,5,6,9,5,8,6,7","4285,2089,2790,2903,1515,1822,2376,1459,5769,1525,2393,1548,1785,2489,2559,2840,2040,2584,1888,1479,1440,3303,1601,1834,1954,1794,1460,1810,6571,2936,2575,3659,1856,1681,1502,2226,1885,2560,2392,1978,1270,1405,2487,1555,4256,2863,1303,1986,2011,1859,1968,1330,4335,2152,2345,1420,2405,4708,1396,1403,2238,2999,4119,2507,2481,2984,1451,1579,1844,1772,1035,1450,1945,2261,2449,1825,2273,1455,2586,1836,4354,1871,1471,1988,1781,2102,2241,1458,1852,2943,3750,1964,5394,1199,1569,4858,1666,1011,1466,3012","7,6,8,9,5,8,7,5,9,6,8,5,6,7,9,7,8,9,6,5,8,9,6,7,5,7,5,6,8,9,8,9,7,6,5,7,5,8,9,6,7,6,8,5,9,9,6,7,8,5,7,5,8,9,6,6,9,8,5,7,6,7,8,5,9,9,5,6,7,8,5,6,7,8,9,7,8,5,9,6,9,7,5,8,6,7,9,5,6,8,7,9,8,5,6,9,5,8,6,7"
17,87,4,POST_TEST,"8,6,6,5,7,5,6,8,8,5,7,7,6,5,8,7,8,6,7,5,7,6,5,7,9,8,5,8,6,7,8,5,8,6,9,5,7,7,8,6,9,7,5,6,9,5,8,7,9,6,9,8,5,7,6,5,6,7,7,9,7,6,8,6,7,7,6,5,8,8,7,6,5,8,8,5,8,7,6,8,7,5,6,9,8,8,6,10,5,7,5,6,8,8,7,8,7,8,5,6","3786,1675,1459,1697,2446,1430,1454,1798,3215,1760,2265,2110,1259,2440,2589,2662,2838,2038,2124,1881,4046,1837,1631,3678,2664,2180,1736,4283,1773,2205,3925,1779,3024,1866,3974,1604,3172,3739,3660,3216,4813,2219,2179,1986,4047,1503,2570,3854,3518,2762,2146,1212,1686,3980,2205,2255,1767,2103,3211,3446,2100,4106,2405,2396,2029,2847,1570,1836,3428,3751,1855,1319,2751,2168,2957,2727,3896,3179,1689,9640,1762,2159,3664,4853,2284,2740,2358,4120,2247,2336,1828,4572,3439,3339,1970,1810,3567,2185,1699,2097","9,6,7,5,8,5,7,9,8,6,7,8,6,5,9,8,9,6,7,5,8,6,5,7,9,7,5,9,6,8,7,5,8,6,9,5,9,7,8,6,8,7,5,6,9,5,8,7,9,6,9,8,5,7,6,5,6,7,8,9,7,5,9,6,8,7,6,5,8,9,7,6,5,8,9,5,8,7,6,9,7,5,6,9,8,8,6,9,5,7,5,6,8,9,7,9,7,8,5,6"
18,90,0,PRE_TEST,"5,6,1,9,8,1,10,5,8,7,6,9,5,7,10,8,7,6,8,5,7,5,8,6,9,10,9,6,5,8,10,7,6,9,1,7,7,6,9,6,9,7,1,7,5,1,7,6,7,5,9,6,5,1,1,7,1,1,8,7,6,5,8,1,8,8,5,1,8,6,7,6,7,5,8,5,7,7,8,7,8,1,9,5,6,7,1,9,9,5,7,5,6,9,10,9,6,9,6,5","2273,2480,4387,4323,3036,2771,3113,2070,2910,1648,3128,2218,1226,1839,2819,2473,2152,2164,1771,2008,1921,1581,3802,2847,2313,4840,2809,2488,1196,3300,6434,1833,1673,5407,1811,2794,1727,4047,2085,1246,2589,2250,3042,4793,1376,1512,1630,3582,3120,1504,3535,2888,2380,1585,2425,2223,2258,1534,3986,2423,2134,1297,2508,1373,2766,9279,1823,1651,3731,1799,2766,1853,4531,1061,16156,1627,2049,2309,2767,4573,3592,1028,3622,1689,1318,1320,1249,11723,15297,2210,2934,1110,1488,2322,7247,3200,5751,13080,5555,1494","5,6,7,9,8,6,9,5,8,7,6,8,5,7,9,8,7,6,9,5,7,5,9,6,8,9,8,6,5,7,8,7,6,9,5,7,8,5,9,6,9,7,8,6,5,8,7,6,9,5,8,6,5,7,9,5,9,6,8,7,6,5,8,9,7,8,5,7,9,6,6,7,8,5,9,5,7,9,8,6,8,7,9,5,6,7,8,5,9,6,7,5,6,8,9,8,6,9,7,5"
19,90,0,POST_TEST,"8,6,7,8,5,6,7,8,5,7,9,5,6,6,8,6,7,5,7,8,7,6,8,5,9,6,7,7,9,5,8,7,5,6,8,9,5,7,6,7,9,7,5,6,8,7,6,7,8,5,7,8,6,7,5,7,5,8,8,6,7,7,6,5,8,5,6,7,8,8,7,5,8,6,7,8,8,5,7,8,5,8,6,7,8,5,6,8,7,9,6,5,7,8,8,8,8,7,5,6","4224,1885,3020,2854,1552,1534,1569,1828,1375,2090,1872,2347,1945,1808,3515,4004,1728,1500,3428,3649,2979,3150,1927,1600,3584,2815,7391,2696,5857,2643,2357,3304,2138,6508,15269,7822,1460,2842,2964,2990,2468,4175,1743,2942,2428,9155,1849,3471,3769,2444,3741,2521,2777,2710,1442,2122,3331,3654,2169,3628,2377,4212,1419,1679,2231,1876,4252,3327,2866,2203,4121,1896,2095,1643,3634,3446,3953,1695,2805,5250,3985,1946,3635,1910,6344,2438,3079,3149,5650,9233,2153,1470,1939,3676,3707,4406,5492,2660,4480,9336","8,6,7,9,5,6,7,9,5,8,8,5,6,7,9,6,7,5,8,9,7,6,8,5,9,6,7,8,9,5,8,7,5,6,9,9,5,7,6,8,9,7,5,6,8,8,6,7,9,5,8,9,6,7,5,7,5,8,9,6,7,8,6,5,9,5,6,7,9,8,9,5,8,6,7,9,8,5,6,7,5,8,6,7,9,5,6,8,7,9,6,5,7,9,8,8,9,7,5,6"
20,96,7,PRE_TEST,"6,5,7,7,8,11,8,5,6,8,8,7,6,9,7,6,8,10,9,7,8,6,10,5,9,5,7,11,8,7,6,5,9,11,8,10,5,6,10,6,7,6,5,6,8,9,8,10,8,5,6,8,8,5,9,11,8,5,6,7,8,5,7,9,7,8,10,5,7,9,10,8,9,7,5,8,9,9,6,7,6,9,7,8,6,10,6,8,7,5,7,5,6,8,7,9,5,6,9,6","2879,3451,2606,4268,4492,4979,4408,3429,2507,4011,3682,4314,3611,3874,3136,2864,4537,3114,2626,4895,5878,1882,7386,2772,2730,1925,1736,3562,3459,3130,3082,2775,3454,3492,4020,3552,3777,4435,2415,3017,5498,2835,2175,3437,2759,3086,3730,5696,3756,1458,2325,2980,4579,1095,2461,5402,2693,1433,2025,2021,5017,1441,4583,3278,3330,2621,3022,1834,2248,3593,3203,4009,2275,5341,3811,3627,2525,3845,1949,1495,2946,2472,3305,4048,2735,4478,1973,3471,2320,4443,4342,2180,1593,3198,2114,1800,1343,1904,4551,3181","6,5,9,8,7,9,7,5,6,8,9,7,5,6,8,6,8,9,7,5,8,6,9,5,7,5,6,9,8,7,5,6,9,7,8,8,5,6,9,7,9,8,5,7,6,9,6,8,7,5,6,8,7,5,9,9,8,5,6,7,9,5,6,8,7,7,9,5,6,8,7,8,9,6,5,8,6,9,5,7,5,8,7,9,6,9,6,7,8,5,8,5,6,9,7,8,5,7,9,6"
21,96,7,POST_TEST,"8,5,6,6,5,6,7,8,9,5,6,8,11,5,7,8,7,5,10,6,6,5,7,9,8,12,11,7,8,7,8,5,9,6,4,8,5,6,10,7,10,6,5,7,6,10,8,5,6,8,6,8,8,6,5,6,5,9,7,8,6,7,10,9,5,7,3,5,7,8,6,8,5,6,13,8,6,9,7,5,5,7,6,11,8,5,5,9,9,7,7,6,8,5,9,5,8,7,11,6","1765,1506,6363,1937,1154,2841,2253,2769,3544,1695,2314,3413,1983,2166,3372,3162,3050,1401,2564,1825,1661,1524,5380,2924,2737,1690,2630,3516,2421,2666,2593,1190,5306,658,829,2135,988,1583,2907,2418,2170,1608,1053,1907,3129,2605,2935,1293,2745,1190,1661,3648,2090,2698,1489,1457,1347,1358,3279,2913,1642,2070,4124,2673,1226,2369,1137,2754,2089,4131,2009,3410,1454,1878,1309,1721,1217,3307,2151,1599,1831,2379,1927,2603,2864,2088,1916,3401,2424,3787,1226,1674,1725,2576,3063,1765,4138,2895,2921,2048","8,6,9,7,5,6,7,8,9,5,7,6,9,5,8,8,7,5,9,6,6,5,7,9,8,5,9,6,7,8,7,6,9,5,8,8,5,6,9,7,9,6,5,8,7,9,7,5,6,8,7,9,8,6,5,6,5,9,7,8,6,7,8,9,5,7,6,5,8,9,6,8,5,7,9,9,6,8,7,5,5,7,6,9,8,5,6,9,8,7,7,6,8,5,9,5,7,8,9,6"
22,97,0,PRE_TEST,"4,5,5,5,6,5,6,6,8,8,6,8,8,7,8,6,7,8,7,8,8,9,8,10,7,7,6,7,8,9,9,7,7,9,5,5,6,8,7,9,5,8,7,8,10,8,6,8,10,5,10,8,9,10,7,7,9,10,7,5,8,5,8,8,8,9,10,8,9,9,5,8,6,8,11,8,9,9,8,7,8,6,9,11,8,7,10,8,5,9,6,7,8,10,9,10,11,7,6,8","2397,3664,7868,2910,2822,3992,4199,1201,8416,8022,4601,3213,4394,3621,5150,4412,3699,4333,5036,3387,3372,4169,27155,2952,6213,3138,3475,3991,6339,2666,3890,4768,5037,5262,4242,3409,3568,4192,2591,3180,2195,3058,3215,2822,2890,3746,3892,5457,4785,2145,3692,2205,2397,3332,3266,2924,3693,5269,4407,1870,2288,2407,2657,3624,3290,2875,4230,2225,2676,2874,3229,4315,3974,2790,2874,5043,2407,3361,2818,2940,2339,2256,5343,2347,4553,2809,3699,2812,2692,3957,2339,2737,2435,2975,1844,2306,2696,3461,2563,1396","5,6,8,9,7,5,7,6,8,9,8,7,6,5,9,5,8,9,6,7,7,5,9,8,6,6,5,7,8,9,7,8,6,9,5,5,7,9,6,8,5,9,6,7,8,7,6,8,9,5,9,5,7,8,6,7,8,9,6,5,9,5,6,7,8,8,9,5,7,6,5,7,6,8,9,6,9,7,8,5,6,5,7,9,8,6,8,7,5,9,5,6,7,9,8,8,9,6,5,7"
23,97,0,POST_TEST,"8,10,8,6,8,9,6,9,7,8,8,9,8,9,6,10,7,7,7,8,9,8,6,7,9,8,10,6,5,8,8,5,10,8,8,10,8,6,9,8,9,9,7,6,7,9,6,8,8,7,9,10,6,10,7,6,8,8,8,11,11,9,5,8,8,8,7,9,10,6,8,10,8,10,8,8,9,5,9,8,6,10,6,10,9,7,9,10,6,8,9,8,8,9,10,7,8,10,10,8","4204,3766,2937,2703,2782,4216,2090,3536,3438,2755,3182,2789,3269,3168,2725,4491,3006,2195,3241,2312,3886,3075,2288,3436,3532,3274,2447,2813,17008,2631,2776,1441,2917,2839,2703,2238,3775,1887,2998,3428,3129,2824,3382,3211,3274,2632,2462,2994,2346,2279,2711,2591,2647,2663,2599,4169,2727,3158,3019,2362,4278,1135,1924,2729,2912,3008,2212,4373,2777,2496,2048,1030,2718,2617,2527,2521,2778,3850,3449,2865,1932,3777,2699,2421,2772,2538,2037,2304,2232,2588,3645,3598,3007,2840,3111,2473,2203,3266,2508,1279","9,8,7,5,6,9,5,8,6,7,9,8,6,7,5,8,5,6,7,9,6,9,5,7,8,8,9,6,5,7,6,5,9,7,8,9,6,5,8,7,8,9,6,5,7,9,5,8,7,6,7,8,5,9,6,5,6,8,7,9,9,7,5,6,8,7,6,8,9,5,7,9,5,8,6,8,9,5,7,6,5,7,6,9,8,6,9,8,5,7,7,5,6,8,9,5,6,9,7,8"
24,116,3,PRE_TEST,"8,7,6,7,4,5,8,8,7,7,8,9,6,7,5,6,5,7,7,7,5,6,8,8,7,5,10,6,7,8,7,5,10,7,9,9,6,7,7,5,10,7,6,5,7,5,7,7,8,6,7,9,5,6,8,7,7,8,9,5,5,5,7,8,7,8,6,8,8,5,8,7,8,6,5,8,6,8,7,5,6,8,5,8,7,8,8,8,5,6,7,6,9,5,7,7,5,8,9,5","3206,2590,2304,2010,3203,2038,1971,3920,2248,1847,3307,2955,2447,1830,2492,1967,1761,1871,2854,1874,1670,2481,4186,1987,1663,1329,3112,1876,2217,1754,1579,2170,2124,2318,4262,2692,1996,2352,1688,1527,3154,1542,1530,1637,2798,1368,2860,2300,2564,3595,2318,2788,2313,1875,1521,2178,1837,1931,2561,1578,1637,1419,2734,2942,2004,2570,1779,2095,2840,1491,2268,1792,2259,1504,1538,2421,1575,2663,1779,889,1573,1678,1531,2317,1101,1896,1898,1554,2937,1434,2477,2113,2341,2321,2072,2412,2503,1945,1830,2107","9,8,6,7,5,5,9,8,6,7,8,9,7,6,5,6,5,9,8,7,5,6,9,8,7,5,9,6,7,8,6,5,9,7,8,9,6,8,7,5,9,7,6,5,8,5,7,8,9,6,7,8,5,6,9,6,7,8,9,5,6,5,9,8,7,7,6,9,8,5,8,7,9,6,5,8,6,9,7,5,6,8,5,9,7,7,9,8,5,6,7,6,9,5,8,7,5,8,9,6"
25,116,3,POST_TEST,"7,8,7,5,6,6,5,7,8,7,5,7,6,8,8,7,8,6,8,5,6,5,8,7,6,6,6,8,9,9,7,6,8,8,5,5,7,7,6,8,6,5,7,8,8,5,7,9,7,6,5,8,6,7,9,7,5,9,6,8,6,6,9,5,8,6,5,9,8,7,5,7,9,7,6,7,5,7,6,8,7,5,6,8,8,5,8,8,6,8,8,5,9,6,7,5,6,9,8,6","1968,2089,2036,1659,1653,1346,1158,1874,2008,1921,1987,1961,2079,1693,2093,1537,1714,1887,1935,1577,2037,1611,2438,1717,2214,1675,1338,1738,1980,2186,1507,1303,1487,1612,1468,1114,1109,1355,1251,1853,858,1275,1362,1707,1829,1570,2007,3286,4003,1685,1288,1965,1906,1631,2124,1625,1275,1440,1205,1608,1751,1418,1477,1101,2006,1210,1235,2155,1861,1653,1805,2425,1876,1331,1407,1246,1109,2530,1445,1645,1251,2363,1195,1904,2244,1651,2388,1739,1352,1891,1112,1055,2936,1184,1444,1544,1519,1861,1775,1472","7,9,8,5,6,6,5,8,9,7,5,7,6,8,9,7,8,6,9,5,7,5,9,8,6,5,6,8,7,9,7,6,8,9,5,5,7,9,6,8,6,5,7,8,9,5,7,9,8,6,5,8,6,7,9,7,5,9,6,8,7,6,9,5,8,6,5,9,8,7,5,8,9,7,6,7,5,8,6,9,7,5,6,8,9,5,9,8,6,7,8,5,9,6,7,5,6,9,8,7"
26,140,0,PRE_TEST,"6,7,8,6,5,7,6,8,8,5,8,6,7,10,5,8,10,6,6,5,7,7,6,9,6,5,7,6,7,9,6,5,8,6,7,8,6,5,7,7,6,5,8,7,8,6,7,7,7,4,5,8,7,6,7,6,7,9,8,5,5,6,9,8,6,5,8,8,5,7,7,5,6,7,8,8,6,5,7,9,7,7,9,9,5,8,5,9,6,7,7,5,7,6,7,7,5,6,8,8","2052,2973,2718,2511,1824,7449,2084,5134,3423,2223,2473,2694,4296,3058,1857,3380,5685,2023,2794,1925,2449,2721,2069,5006,3540,2549,2264,2658,2660,2360,1775,1204,2085,1759,4742,2151,1758,1579,2922,2102,1846,1635,3014,2907,1873,1835,1598,2420,2650,1341,1489,2268,2841,1450,1889,2125,1302,5855,1819,2201,1795,2386,3304,2009,3201,2185,1610,3389,1464,4383,2997,1868,1616,2152,2852,2464,1629,1456,1620,2235,1676,1419,2190,7502,1351,3297,1603,3471,1557,1796,2408,1462,3234,1678,1782,1786,1629,1476,1985,4302","7,8,9,6,5,7,6,8,9,5,8,6,7,9,5,8,9,6,7,5,8,7,6,9,5,5,8,6,7,9,7,5,9,6,8,9,6,5,8,7,6,5,9,7,8,6,9,8,7,5,5,8,7,6,9,6,7,9,8,5,5,6,9,8,7,6,8,9,5,7,7,5,6,9,8,8,6,5,7,9,7,6,8,9,5,8,5,9,6,7,9,5,7,6,8,7,5,6,8,9"
27,140,0,POST_TEST,"9,5,7,8,6,7,6,5,8,9,6,8,7,8,5,8,8,6,5,6,6,8,5,7,7,8,9,6,5,7,5,7,6,6,8,6,5,7,8,8,7,9,5,7,6,8,7,6,8,5,6,6,8,9,7,6,5,7,9,7,5,6,8,8,8,6,9,7,8,5,5,6,7,8,9,8,7,5,8,7,7,6,8,7,5,8,5,8,5,7,8,6,5,6,9,7,6,5,8,9","2043,1616,3235,2912,1912,2142,3507,1791,2147,3319,1859,1505,1845,3452,1803,3440,4992,3186,1987,1650,2023,2724,2035,2402,1747,1954,2608,2884,1874,2353,1785,1870,1669,2845,3393,1776,1688,2003,3376,5240,1769,9510,1385,1630,1568,1705,2022,2081,3846,2051,1812,5555,1638,5039,2940,1553,2397,1462,7923,2035,1503,1831,1696,2904,2292,1874,2096,5318,2159,1800,901,1002,1680,2644,1986,2290,1879,1052,1461,1852,1262,1584,1806,1604,2035,2520,1854,1956,1769,1876,1837,2028,1461,1775,2579,1598,1916,1419,3360,2103","9,5,7,8,6,7,6,5,8,9,6,9,7,8,5,9,8,6,5,7,6,9,5,8,7,8,9,6,5,7,5,8,6,7,9,6,5,7,9,8,7,9,5,8,6,8,7,6,9,5,6,5,8,9,7,6,5,8,9,7,5,6,9,7,8,6,9,7,8,5,5,6,7,8,9,9,6,5,8,7,8,6,9,7,5,9,5,8,6,7,8,6,5,7,9,7,6,5,8,9"
28,158,7,PRE_TEST,"7,5,5,6,4,6,4,5,6,6,5,5,5,7,7,6,6,6,6,5,5,8,7,8,5,7,6,6,5,5,5,5,5,5,7,7,5,7,6,6,7,5,6,6,5,5,6,5,7,8,5,4,7,8,6,5,5,6,6,8,8,4,7,7,6,5,6,7,6,7,6,4,5,8,7,5,6,7,7,5,6,6,5,5,6,6,5,6,7,6,5,5,5,7,7,5,7,7,6,5","3619,2943,5185,2784,2010,2221,2146,2858,1870,3319,2690,2512,2268,3993,2502,1875,3400,3531,3377,2002,3220,3153,2098,1581,2279,3036,1627,2102,2185,2088,1927,3785,2754,894,1278,2470,1719,2814,2275,2036,2252,2106,2892,2152,2675,1362,1629,2321,3984,1786,25417,5269,1994,3098,2426,5204,1425,2074,1546,1260,1360,1611,1519,780,1689,1381,1313,1560,1279,1227,978,2397,2199,1778,1319,1333,1407,1946,1391,1756,1343,1722,2697,1335,1548,1398,1738,1052,1188,1853,1918,2091,1635,979,1504,1662,1149,852,1414,1913","9,6,7,8,5,8,5,6,9,7,5,6,7,9,8,9,7,6,8,5,7,9,6,8,5,8,9,7,6,5,6,7,8,5,9,9,5,7,6,8,9,5,8,7,6,6,7,5,8,9,6,5,8,9,7,5,6,8,7,9,8,5,9,7,6,5,7,9,6,8,8,5,7,9,6,7,6,9,8,5,9,6,7,5,8,8,5,9,7,6,7,6,5,8,9,5,9,8,6,7"
29,158,7,POST_TEST,"7,6,6,6,5,6,7,6,5,5,5,6,7,5,5,7,6,7,6,9,6,6,7,6,5,6,5,6,5,7,6,5,6,7,6,6,7,6,8,5,6,7,7,6,5,7,8,5,5,6,7,7,7,4,5,5,6,7,7,5,7,5,7,5,6,6,7,6,5,6,6,7,5,6,7,5,5,4,6,6,5,5,6,7,6,6,5,7,7,5,6,5,5,6,6,7,5,6,6,7","3619,2438,2168,2577,1688,2708,2516,2304,2469,3130,1958,2215,2185,1965,3920,1594,2357,2284,2687,6883,3914,3685,2478,1940,1940,1964,1173,2817,1639,2286,1720,1690,2556,2491,1755,3360,2488,2188,4716,1356,2471,2602,2247,2482,1659,2671,3239,1682,1278,1319,2309,1543,2423,1529,1478,2630,2420,2643,2383,1369,2433,1506,2266,1930,2148,2603,1934,3398,1588,2171,2735,2484,2602,4034,3271,1763,1701,2747,2168,1743,1278,1389,1916,1721,2524,1395,1669,1597,2017,2068,1907,1199,1345,2393,2087,1982,3933,2921,1362,1692","9,6,7,8,5,7,9,8,6,5,7,9,8,5,6,8,5,7,6,9,7,8,9,6,5,7,5,9,6,8,6,5,7,9,8,7,8,6,9,5,8,7,9,6,5,8,9,5,6,7,9,7,8,5,6,7,6,9,8,5,9,5,8,6,7,7,9,8,5,6,9,8,6,5,7,7,6,5,8,9,5,6,7,9,8,7,6,9,8,5,9,6,5,8,7,6,5,8,7,9"
